Index,Title,Artist,Top Genre,Beats Per Minute (BPM),Energy,Danceability,Loudness (dB),Liveness,Valence,Length (Duration),Acousticness,Speechiness
spotify:track:2d8ynGRikofLBsLy9iden9,August - DJ DimixeR Remix,Intelligency,belarusian indie,124.034,0.971,0.687,-3.223,0.217,0.393,158400,0.0348,0.0539
spotify:track:1cimjxWMAlfJ5nYupXVseJ,Gimme Gimme Feat. Bleech - Club Mix,Kevin McKay,deep groove house,126.011,0.912,0.716,-4.7,0.0848,0.52,210476,0.00426,0.034
spotify:track:3B1Je3rlEac3p4ikYW13zw,Define,Dom Dolla,australian house,122.043,0.808,0.405,-3.867,0.133,0.32,232129,0.18,0.0355
spotify:track:7pARbCUoO1CTzU5ucMEaVF,Summer 91,Noizu,bass house,124.992,0.953,0.5,-5.606,0.26,0.327,149280,0.00598,0.0441
spotify:track:6RKFXPdoCBRcLljsxKZUNw,Move All Night,SNBRN,bass house,124,0.69,0.797,-5.845,0.132,0.184,197419,0.248,0.037
spotify:track:5cz0T1Q8AmpY18TDLAe2ja,Praise (feat. Gunna),Tchami,bass house,124.023,0.681,0.737,-10.063,0.31,0.799,210001,0.0401,0.0536
spotify:track:7JdiXX87BugXUDhQ89GEc8,Deep End - SIDEPIECE Remix,John Summit,bass house,126.025,0.665,0.763,-9.063,0.476,0.422,196667,0.122,0.0807
spotify:track:2HCBnkp5UCXO5Y9JK3UKhM,Sad - Imanbek Remix,Rasster,,124.992,0.757,0.746,-6.078,0.0863,0.499,174720,0.491,0.054
spotify:track:6G7zxqKAXgLtjQS7FZeCxI,Neverland,KSHMR,big room,137.993,0.937,0.312,-3.994,0.288,0.257,189525,0.00301,0.0504
spotify:track:0Xz3DTcdZI01mjKfNZrsC1,Mayhem,Steve Aoki,dance pop,127.929,0.964,0.604,-4.713,0.858,0.078,157031,0.00016,0.033
spotify:track:6lYdV7rTtv3dVpQ89htlRU,Calabria - Firebeatz Remix,Rune RK,dakke dak,128.004,0.879,0.636,-2.862,0.324,0.395,221250,0.000732,0.0702
spotify:track:0WSjVLITbxV6kVXndziQDm,Drop That Low (When I Dip),Tujamo,dance pop,125.744,0.896,0.586,-4.132,0.121,0.103,160000,0.00945,0.372
spotify:track:3On0xk67ckVLs1qEpTF8mY,Bring It Back,Deorro,dance pop,127.962,0.904,0.762,-4.064,0.436,0.518,165000,0.00167,0.0862
spotify:track:4WgM2becr135oJ7DfVNaCd,Booty Bounce - Radio Edit,Tujamo,dance pop,128.004,0.981,0.657,-3.498,0.0577,0.563,200760,0.0295,0.0365
spotify:track:3b0cJPguhWOh2hjY6Lu192,The Beat,Mike Williams,big room,128.014,0.954,0.563,-1.835,0.27,0.788,162187,0.119,0.0283
spotify:track:0HnV5R4fBuNCoh6XDetQmj,Rhythm Of The Night,Maurice West,edm,127.964,0.861,0.507,-3.302,0.643,0.238,181943,0.00264,0.0938
spotify:track:4yn4T3wztHmguBIeSVwWie,Riverside (Reloaded),Tujamo,dance pop,125.976,0.929,0.884,-4.303,0.142,0.29,175238,0.0286,0.121
spotify:track:6sdNWKtZvLcDWneu25V6eU,Flamenco (feat. Rage),Timmy Trumpet,australian dance,133.005,0.844,0.605,-4.028,0.109,0.124,186828,0.0003,0.0461
spotify:track:2Rrdun8PrVxUSJlLQtQP8M,Flute - Radio Mix,New World Sound,melbourne bounce international,127.993,0.886,0.384,-6.349,0.0721,0.122,198750,0.000768,0.0591
spotify:track:4TuNI3WEMyLQAKRMJmcQdA,Narco,Blasterjaxx,big room,129.961,0.943,0.764,-4.047,0.0699,0.207,208635,0.00784,0.0711
spotify:track:3vj7ZCPLdgM9T6obaVl2HK,Shake It,Tujamo,dance pop,127.028,0.967,0.829,-3.847,0.217,0.628,190394,0.00378,0.0635
spotify:track:4ekDggjElGJX9kNSOtnbVf,Infinity - Dubdogz & Bhaskar Edit,Dubdogz,brazilian bass,123.979,0.57,0.723,-8.589,0.0862,0.575,196000,0.00412,0.0429
spotify:track:19eIZmuXlBmLTha1lPHef7,Alors On Danse - DubDogz Remix,Stromae,belgian pop,122.98,0.752,0.789,-4.274,0.613,0.739,168577,0.027,0.164
spotify:track:0ShyEbWNOeL0lUtHOCfnmD,When I'm Around U,BURNS,la pop,128.007,0.787,0.658,-7.059,0.247,0.252,287643,0.00267,0.098
spotify:track:7fPuWrlpwDcHm5aHCH5D9t,Roses - Imanbek Remix,SAINt JHN,melodic rap,121.962,0.721,0.785,-5.457,0.285,0.894,176219,0.0149,0.0506
spotify:track:02cflDeFB9gGB8ukUlhN98,Hit the Road Jack,Throttle,,123.052,0.886,0.768,-2.738,0.121,0.58,197073,0.107,0.152
spotify:track:06dT0EYXrhRQV1MsvWhNGv,Bad (feat. Vassy) - Radio Edit,David Guetta,big room,127.966,0.972,0.614,-3.927,0.328,0.411,170625,0.00125,0.088
spotify:track:2xkrujtSjZz7EKAYGbIIzH,Blah Blah Blah,Armin van Buuren,dutch trance,138.009,0.963,0.612,-3.912,0.294,0.179,183519,0.00897,0.0531
spotify:track:1M0hRg4ccFGMqi00ITrxNv,Switch Back,Quintino,dutch edm,128.003,0.925,0.639,-5.408,0.341,0.183,165000,0.000435,0.036
spotify:track:2cIdK8ARSHQzVHB1y8AaSB,No More Chances (If You Really Love Somebody),Wilson,pop dance,123.992,0.942,0.641,-4.139,0.0857,0.53,189677,0.0223,0.0957
spotify:track:6U0FIYXCQ3TGrk4tFpLrEA,SUGAR,BROCKHAMPTON,boy band,122.973,0.538,0.453,-8.212,0.19,0.516,204533,0.449,0.0638
spotify:track:21NeQgKhabORuZ3pfsPfz5,I Can't Hate You,Kayou.,japanese chillhop,140.021,0.436,0.687,-9.441,0.0925,0.202,178481,0.461,0.106
spotify:track:3jZDWsoxRHzzp3DYV8qeXE,You Broke My Heart Again,Teqkoi,emo rap,149.509,0.143,0.451,-15.685,0.195,0.233,103400,0.956,0.235
spotify:track:6HeCk6yewXH7WO4D93eub9,Ruthless (Nice Guys Always Finish Last),MarMar Oso,pop r&b,86.042,0.269,0.724,-15.465,0.0808,0.866,233023,0.388,0.0456
spotify:track:5lbdxt9C6rsELTimTkyMn8,I Need U,yaeow,lo-fi chill,84.873,0.405,0.402,-12.486,0.155,0.072,142588,0.513,0.0713
spotify:track:35r28RDot7nPE7y9K9H7l0,Feeling Whitney,Post Malone,dfw rap,80.111,0.227,0.412,-12.696,0.282,0.226,257267,0.787,0.0359
spotify:track:74D7JUfU6HYeMx4bZhsHnG,What If I Told You That I Love You,Ali Gatie,canadian hip hop,84.628,0.365,0.605,-11.144,0.0554,0.224,193668,0.63,0.111
spotify:track:21UPL4RXZPmg2TZ2DgWADj,Feels Like You,Faime,chill r&b,92.991,0.352,0.848,-6.798,0.0865,0.571,198912,0.789,0.0464
spotify:track:4Ld4kbKo1eOzToQ0P8JA0V,Arcade (feat. FLETCHER),Duncan Laurence,dutch pop,71.944,0.395,0.446,-9.328,0.128,0.267,187453,0.815,0.0365
spotify:track:4G9addS7Yq5ihZBQLXG2Mj,I Don't Know My Name,Grace VanderWaal,pop,140.649,0.221,0.548,-8.383,0.109,0.457,148840,0.775,0.0401
spotify:track:69vToJ9BMbbLlFZo7k7A7B,You Are The Reason,Calum Scott,pop,171.232,0.235,0.331,-7.7,0.137,0.218,204326,0.918,0.0299
spotify:track:1jamYoajBDUTfD2x5izevP,Hurt for Me,SYML,indie cafe pop,72.867,0.046,0.548,-17.929,0.1,0.176,219480,0.968,0.0587
spotify:track:07lBZmLa4sZjvceDtjA2OR,Too Young to Be Lonely,Sloane,,92.999,0.775,0.74,-7.222,0.0887,0.651,194373,0.575,0.0793
spotify:track:3xn7cwof2Srt3CRjvLfrXa,Fear of the Water,SYML,indie cafe pop,93.031,0.208,0.46,-17.635,0.118,0.151,245813,0.954,0.0302
spotify:track:47EWMOElkkbMp5m9SBkx7d,IDK You Yet,Alexander 23,electropop,76.994,0.306,0.629,-11.735,0.124,0.191,184638,0.884,0.0424
spotify:track:7GCVboEDzfL3NKp1NrAgHR,Wrong Direction,Hailee Steinfeld,dance pop,72.293,0.388,0.378,-9.017,0.157,0.188,248987,0.472,0.036
spotify:track:6Vc5wAMmXdKIAM7WUoEb7N,Say Something,A Great Big World,indiecoustica,141.284,0.147,0.407,-8.822,0.0913,0.0765,229400,0.857,0.0355
spotify:track:26z6V1SijQq6J3gPIu1H7t,Lost Without You,Freya Ridings,pop,162.08,0.137,0.409,-9.169,0.0706,0.106,225076,0.928,0.0446
spotify:track:45bE4HXI0AwGZXfZtMp8JR,you broke me first,Tate McRae,dance pop,124.148,0.373,0.667,-9.389,0.0906,0.0823,169266,0.785,0.05
spotify:track:3V0nnQhqvbE3JmiDdnzQFQ,July (feat. Leon Bridges),Noah Cyrus,dance pop,72.5,0.211,0.708,-9.603,0.131,0.362,152280,0.853,0.0424
spotify:track:0jZO7p0nBUi9VHedWUBS9l,The Night We Met (feat. Phoebe Bridgers),Lord Huron,indie folk,174.127,0.437,0.424,-8.588,0.664,0.131,208173,0.962,0.0355
spotify:track:52iLDrSoRtf9lcgFuLVfqE,Older,Sasha Sloan,electropop,64.002,0.292,0.681,-9.599,0.0974,0.162,191002,0.743,0.0483
spotify:track:63nJIngH6cMV70V5IUx3Ex,"always, i'll care",Jeremy Zucker,electropop,104.957,0.163,0.766,-15.975,0.107,0.634,146147,0.92,0.0573
spotify:track:1FBuBhNZ8dmjUBWR58UOQv,Tell Me Why I'm Waiting,Timmies,lo-fi chill,124.008,0.277,0.671,-11.185,0.0657,0.173,123891,0.8,0.0549
spotify:track:2BuJrxYKhYky20dQqTlobO,skeletons,keshi,chill r&b,80.021,0.265,0.719,-12.782,0.108,0.273,152480,0.296,0.0754
spotify:track:0ouTaNuDfXPLnXkKi4AYOO,I Got So High That I Saw Jesus,Noah Cyrus,dance pop,139.597,0.384,0.577,-11.897,0.0809,0.102,217714,0.314,0.0436
spotify:track:3CRtbOoAP82y0VbPO5j1ft,Too Sad To Cry,Sasha Sloan,electropop,120.483,0.27,0.515,-9.935,0.114,0.234,208987,0.842,0.0357
spotify:track:58wyJLv6yH1La9NIZPl3ne,Can We Kiss Forever?,Kina,pop,109.986,0.128,0.522,-18.717,0.0941,0.124,187932,0.894,0.0357
spotify:track:7vRriwrloYVaoAe3a9wJHe,"i hate u, i love u (feat. olivia o'brien)",gnash,electropop,92.6,0.275,0.492,-13.4,0.101,0.18,251034,0.687,0.3
spotify:track:3atqfvHwNUtXwWhhhkVBm7,Cocaine,Pink Sweat$,bedroom soul,109.569,0.228,0.614,-12.336,0.106,0.146,131500,0.835,0.0316
spotify:track:57m2Kve0xnAgYVAPxMLKHS,tear myself apart,Tate McRae,dance pop,86.048,0.504,0.478,-6.91,0.119,0.309,168547,0.162,0.0305
spotify:track:46ydq5g3k17iLJs3qMDvO6,Hurts So Good,Astrid S,dance pop,120.039,0.609,0.675,-5.027,0.0957,0.378,208729,0.084,0.0586
spotify:track:6HRagoeRYMUbNny39cbMa9,Happy Times,Finding Hope,chill r&b,104.978,0.25,0.849,-12.02,0.106,0.559,186000,0.117,0.0357
spotify:track:2MvpHgDzl7skp1xowjCDiG,sometimes,Chelsea Cutler,electropop,168.521,0.127,0.466,-15.047,0.326,0.146,276080,0.889,0.042
spotify:track:6UKQqrX26fiwC6ab7Subn2,Broken Roots,Michl,,145.868,0.58,0.578,-6.895,0.289,0.249,226000,0.483,0.157
spotify:track:4CxFN5zON70B3VOPBYbd6P,you were good to me,Jeremy Zucker,electropop,102.128,0.0848,0.561,-15.099,0.112,0.206,219147,0.913,0.0404
spotify:track:5vjLSffimiIP26QG5WcN2K,Hold On,Chord Overstreet,acoustic pop,119.949,0.443,0.618,-9.681,0.0829,0.167,198853,0.469,0.0526
spotify:track:1dCz8H2KRvwTsxehErPn8T,Sky Is Falling,Tarn PK,,150.181,0.275,0.525,-12.024,0.111,0.211,271100,0.929,0.0299
spotify:track:2itDFgcps8TPkkGdsKUlEJ,You Were Right,Beauvois,new french touch,100.003,0.27,0.662,-13.644,0.101,0.0561,340872,0.807,0.0334
spotify:track:1TQXIltqoZ5XXyfCbAeSQQ,Dancing With Your Ghost,Sasha Sloan,electropop,74.953,0.327,0.629,-8.285,0.103,0.381,197732,0.761,0.029
spotify:track:47rks3vghBGi3B8q7ZIFkv,hungover & i miss u,gnash,electropop,128.003,0.418,0.926,-8.154,0.158,0.335,166667,0.37,0.0471
spotify:track:5HsSsEeP3hU9QSfHZrzbtA,3:00 AM,Finding Hope,chill r&b,81.991,0.147,0.55,-18.675,0.286,0.0346,201951,0.563,0.0404
spotify:track:6CcJMwBtXByIz4zQLzFkKc,i love you,Billie Eilish,electropop,137.446,0.131,0.421,-18.435,0.109,0.12,291796,0.952,0.0382
spotify:track:0rKtyWc8bvkriBthvHKY8d,SLOW DANCING IN THE DARK,Joji,alternative r&b,88.964,0.479,0.515,-7.458,0.191,0.284,209274,0.544,0.0261
spotify:track:6r2JV75tE0vNgNCv4HKsBC,scared,Jeremy Zucker,electropop,108.418,0.075,0.583,-15.843,0.111,0.347,207520,0.933,0.0726
spotify:track:7xNY6t6QYIlHl7oFrhPGFP,I'm Broken,One Hope,,140.055,0.284,0.702,-13.053,0.118,0.214,185929,0.892,0.0468
spotify:track:4P3LBZjsWULnAS08KebYfW,Beautiful Thing,Grace VanderWaal,pop,164.191,0.156,0.502,-9.155,0.0864,0.352,224880,0.883,0.0556
spotify:track:2NeM9rfWo70KQej9GxeaoL,Where's My Love,SYML,indie cafe pop,103.94,0.358,0.608,-10.018,0.113,0.365,202010,0.854,0.0253
spotify:track:0gOz9JUXsaKVzLTSmFDtdo,A Soulmate Who Wasn’t Meant to Be,Jess Benko,,124.209,0.0274,0.571,-20.274,0.322,0.087,316556,0.948,0.0649
spotify:track:1tF7RL54zjHSy0N2qEQLDY,"I miss you, I’m sorry",Gracie Abrams,indie cafe pop,109.757,0.451,0.617,-6.096,0.128,0.161,167538,0.734,0.0481
spotify:track:1NNnmmBEaId0uoWfvtNd8F,I Can't Carry This Anymore,Anson Seabra,indie cafe pop,166.598,0.0873,0.451,-16.815,0.354,0.456,200000,0.907,0.063
spotify:track:1D5Q6r9sobQffIdW7T3pkc,From Me to Yours,George Holliday,,162.373,0.309,0.378,-13.616,0.131,0.441,240173,0.935,0.0826
spotify:track:5euWB8gFN7PcDXciIVdnwn,Through It All,Brent Mathews,,113.912,0.455,0.669,-10.159,0.107,0.229,206583,0.733,0.0473
spotify:track:4KlL5Bwlm4yHYxr0B2rHci,Heal,Tom Odell,neo mellow,72.255,0.179,0.444,-12.938,0.107,0.119,193080,0.952,0.0396
spotify:track:4dV4sXHnkt3dkZYApJZsC7,SAD GRL,Kersty Ryan,,155.002,0.676,0.673,-8.805,0.159,0.474,221419,0.14,0.0384
spotify:track:3UMmtLksme8ww29XrpkfGE,Wait for You,Nightengale,,155.962,0.418,0.626,-12.746,0.089,0.327,168339,0.579,0.0329
spotify:track:4xqrdfXkTW4T0RauPLv3WA,Heather,Conan Gray,bedroom pop,102.078,0.425,0.357,-7.301,0.322,0.27,198040,0.584,0.0333
spotify:track:6FDBhWk8xddZfVdbO9q8S2,For a Reason,Natalie Taylor,,169.149,0.366,0.313,-8.491,0.106,0.153,193030,0.853,0.0471
spotify:track:2fmU1U3HMcgCp9NP8wQkJF,Homage,Galakuoi,,103.58,0.0544,0.444,-24.903,0.277,0.311,178448,0.932,0.0337
spotify:track:4O5YwBR50X5YXONSRO7su9,Don't You Forget Me,Rishi,,108.029,0.291,0.621,-12.6,0.106,0.235,205239,0.762,0.0275
spotify:track:6vJ6FR4WtlKSxe8lmh3F1C,Baby You're Worth It,Kina,pop,120.033,0.253,0.695,-15.884,0.105,0.264,130926,0.685,0.0461
spotify:track:4D5gKBKJNSFKlcT5TMWxA3,Indigo Dreaming,Tarn PK,,88.879,0.302,0.409,-10.549,0.116,0.174,200000,0.879,0.0436
spotify:track:2Iyfw8YfKruAagJwGc4G07,It's Ok,Tom Rosenthal,british singer-songwriter,148.191,0.111,0.561,-15.11,0.103,0.0607,191352,0.871,0.0324
spotify:track:6221R1A541fjomXvhcnbjy,December,TRIBE,,129.414,0.387,0.486,-11.092,0.135,0.124,256376,0.489,0.0427
spotify:track:43zdsphuZLzwA9k4DJhU0I,when the party's over,Billie Eilish,electropop,82.642,0.111,0.367,-14.084,0.0897,0.198,196077,0.978,0.0972
spotify:track:1sTtlEZeVeeEnxEztJNkYN,emily,Jeremy Zucker,electropop,156.02,0.249,0.551,-11.392,0.112,0.257,233747,0.68,0.06
spotify:track:2VlLbhGLVJgdOW7kKdWWFc,Six Feet Under,Billie Eilish,electropop,67.513,0.307,0.576,-12.732,0.0792,0.157,189613,0.807,0.0428
spotify:track:7gGBgh0bVxHPgZjA505bo9,Break My Heart Again,FINNEAS,electropop,144.069,0.151,0.402,-14.228,0.0941,0.489,238013,0.907,0.04
spotify:track:3N3W8ZX1bFJsiI8VJmdMbT,IL MIO AMICO (feat. Fabri Fibra),Madame,italian hip hop,109.961,0.881,0.669,-4.025,0.122,0.702,209045,0.0119,0.0584
spotify:track:2Up8QSKRV7WnZxZAQasEUq,Mediterranea,Irama,italian adult pop,130.013,0.916,0.711,-4.678,0.188,0.79,177810,0.113,0.0587
spotify:track:0824Kyozhv4yBbM86aBFCG,Bella Storia,Fedez,italian adult pop,97.998,0.878,0.677,-5.013,0.193,0.65,176480,0.075,0.117
spotify:track:00ko9WaS4jOX1kEk3gvHjf,Hot Shower,Chance the Rapper,chicago rap,150.001,0.509,0.899,-8.04,0.0573,0.599,225924,0.00157,0.387
spotify:track:3tvWMBIblzT5FSjKtIeRR1,Whatever You Like,T.I.,atl hip hop,150.053,0.687,0.68,-6.162,0.261,0.467,249533,0.0161,0.0709
spotify:track:3yfFvg0jbSaNUFgvvx7LYj,Heaven's In Your Head,Superheart,,160.053,0.54,0.618,-10.965,0.0576,0.197,216723,0.155,0.044
spotify:track:5tZmLjU4vhPlJb12IweZuB,Ambition (feat. Meek Mill & Rick Ross),Wale,dance pop,161.792,0.744,0.42,-5.033,0.192,0.324,302547,0.398,0.396
spotify:track:6vBdBCoOhKHiYDDOcorfNo,Goodbyes (Feat. Young Thug),Post Malone,dfw rap,150.231,0.653,0.58,-3.818,0.111,0.175,174960,0.447,0.0745
spotify:track:49rNGcAo0KX9lEFuQizCPG,Wiggle (feat. Snoop Dogg),Jason Derulo,dance pop,81.946,0.621,0.697,-6.886,0.162,0.721,193296,0.0802,0.25
spotify:track:1H6tjsLMAa8wAEgQLMNtPw,I Got (feat. Pimp C & Project Pat) - Explicit Album Version,Three 6 Mafia,crunk,153.383,0.913,0.772,-4.765,0.376,0.72,227213,0.066,0.16
spotify:track:75L0qdzRnhwV62UXoNq3pE,Up All Night,Drake,canadian hip hop,156.347,0.811,0.606,-4.667,0.349,0.276,234333,0.00782,0.278
spotify:track:0e7ipj03S05BNilyu5bRzt,rockstar (feat. 21 Savage),Post Malone,dfw rap,159.801,0.52,0.585,-6.136,0.131,0.129,218147,0.124,0.0712
spotify:track:2IpGdrWvIZipmaxo1YRxw5,Bottoms Up (feat. Nicki Minaj),Trey Songz,dance pop,74.008,0.601,0.845,-5.283,0.385,0.329,242013,0.0205,0.161
spotify:track:0LFcFGLYTX6UmeIdO7NVd7,Ali Bomaye,The Game,gangster rap,78.239,0.69,0.381,-5.312,0.438,0.223,372707,0.0209,0.455
spotify:track:6Nrk9XnXq7Gfjy4vGmkrMq,Scusa,Gazzelle,italian pop,129.934,0.469,0.673,-5.725,0.142,0.374,210361,0.546,0.0326
spotify:track:6cjSh516BbrNUs213jDAGm,Graduation (with Juice WRLD),benny blanco,electropop,154.968,0.65,0.731,-5.286,0.124,0.605,177847,0.107,0.271
spotify:track:3ZBRYan6nSFd1wN9vsvEU9,Dope Boy Fresh,DJ Drama,dirty south rap,156.008,0.661,0.626,-6.878,0.225,0.18,221467,0.0465,0.0577
spotify:track:2QJnTfMpNG05KFf2E3gVIJ,Go Hard or Go Home,Wiz Khalifa,hip hop,168.02,0.741,0.651,-5.067,0.217,0.386,232773,0.00293,0.0408
spotify:track:6JpN5w95em8SODPiM7W2PH,The Story of O.J.,JAY-Z,east coast hip hop,165.848,0.718,0.741,-5.823,0.23,0.576,231760,0.283,0.415
spotify:track:0nq6sfr8z1R5KJ4XUk396e,Stay Schemin,Rick Ross,dirty south rap,162.304,0.734,0.541,-4.232,0.12,0.321,267720,0.0621,0.166
spotify:track:7Hk12JkCFwLO4s1jRGBS6s,Do My Dance,Tyga,dance pop,153.95,0.618,0.838,-5.187,0.132,0.746,214293,0.00357,0.0805
spotify:track:3Zs4TsFhwEjPSGbW1OIa8W,AJ's,Slim Thug,crunk,161.488,0.625,0.657,-7.958,0.533,0.475,177787,0.049,0.277
spotify:track:5LDBmzKPinK47ZlSgyi5Wm,Marvelous (feat. Polo G),Quando Rondo,melodic rap,165.013,0.7,0.626,-5.669,0.146,0.42,209528,0.436,0.336
spotify:track:5QTHNXsi15ZT7uzjsKoBh0,Let You Down,Bishu,bass trap,149.955,0.921,0.641,-1.228,0.0827,0.533,173600,0.101,0.0489
spotify:track:69EuSrjywhpBbggAMdmF1K,Teenage Blues,Vistas,edinburgh indie,165.927,0.709,0.48,-5.211,0.106,0.391,158975,0.00281,0.0399
spotify:track:4kdfjhj9xNkYU0R8xlDy8k,6 Man,Drake,canadian hip hop,83.589,0.535,0.568,-9.306,0.114,0.326,167653,0.217,0.513
spotify:track:39SQnz9u6zd91nZdaPmmJK,Push It,Rick Ross,dirty south rap,151.073,0.765,0.66,-7.121,0.376,0.771,208600,0.227,0.245
spotify:track:1oFT25srVvutmWTFwz6IQI,Helium,ASL,,155.979,0.532,0.757,-7.716,0.21,0.551,163172,0.646,0.0881
spotify:track:02awCaNU1SgRt1ol80wRDP,Pillole,ARIETE,italian indie pop,82.054,0.581,0.679,-9.297,0.0928,0.443,196098,0.523,0.104
spotify:track:63GDCcwOIx0KlAzxv7fjoW,Alla fine ti passa,Sierra,italian pop,102.27,0.707,0.686,-6.599,0.288,0.345,172002,0.118,0.169
spotify:track:1wgUGg8ssFoNuDUw2xcf9A,Nei Per Te,Viral Boy,,108.092,0.356,0.626,-10.319,0.124,0.511,96414,0.379,0.111
spotify:track:5A6OHHy73AR5tLxgTc98zz,Black and Yellow,Wiz Khalifa,hip hop,164.02,0.834,0.684,-4.524,0.271,0.538,217667,0.0646,0.0675
spotify:track:3sNVsP50132BTNlImLx70i,Bound 2,Kanye West,chicago rap,148.913,0.665,0.367,-2.821,0.113,0.31,229147,0.145,0.0465
spotify:track:2CX0oyET6hQ6UfbtCZhTv7,Allenamento #4,Capo Plaza,italian hip hop,126.975,0.701,0.76,-5.177,0.0957,0.281,170079,0.0949,0.0508
spotify:track:2HV8gZY78k7LU4nGTqhaIG,Sono luce - prod. Shablo & Zenit,Random,italian pop,94.969,0.8,0.671,-3.909,0.334,0.575,154105,0.158,0.321
spotify:track:2hMFG1Nt6NeqMyZob96TNs,Mezze Lune,Sierra,italian pop,111.995,0.535,0.737,-11.17,0.375,0.523,160875,0.0956,0.0788
spotify:track:77VwA6u9JEb4WG5lWSkvU6,ENFASI,Sierra,italian pop,112.457,0.771,0.617,-6.476,0.319,0.333,228541,0.00533,0.063
spotify:track:09GJ22jVNIkt1x2zpJtSeB,Crush,Viral Boy,,164.998,0.733,0.697,-6.861,0.137,0.423,142545,0.215,0.0892
spotify:track:43s6wIExYQoSd6ohXLLvbl,Come mai,Sierra,italian pop,112.021,0.497,0.775,-11.723,0.109,0.436,212741,0.154,0.049
spotify:track:1makrMNIuVZBFecTPrqftZ,Anima,Sierra,italian pop,100.855,0.647,0.693,-8.955,0.0869,0.459,207360,0.353,0.279
spotify:track:4ibUxNAjSdg19dYEMlisTy,Mambo (feat. Sick Luke),Nicola Siciliano,italian hip hop,92.998,0.743,0.687,-5.922,0.0813,0.5,147742,0.163,0.0829
spotify:track:51Of5p3lKZeOg6itfs4og4,Lovefool,twocolors,pop edm,123.062,0.766,0.677,-6.896,0.129,0.198,190488,0.0219,0.0568
spotify:track:49CySBXj4BPngBH37V3WaW,Cavalli,Mirko Balotelli,,125.953,0.673,0.78,-9.564,0.346,0.449,166310,0.0449,0.0617
spotify:track:56zlz9eziIdgkV0wZa3xZr,NON VIVO PIÙ SULLA TERRA ༻ (con RKOMI & VENERUS),MACE,funk carioca,117.925,0.796,0.69,-6.143,0.0898,0.479,311044,0.34,0.0576
spotify:track:3VvA1wSxukMLsvXoXtlwWx,Hecha Pa' Mi,Boza,,100.07,0.756,0.725,-5.013,0.103,0.828,186133,0.362,0.0572
spotify:track:0BNaXcSSUeuARA4W8iB18E,Pezzo Di Cuore (con Alessandra Amoroso),Emma,italian adult pop,139.874,0.7,0.518,-6.162,0.127,0.441,227679,0.389,0.0449
spotify:track:5QO79kh1waicV47BqGRL3g,Save Your Tears,The Weeknd,canadian contemporary r&b,118.051,0.826,0.68,-5.487,0.543,0.644,215627,0.0212,0.0309
spotify:track:3Qqwo0RBORpZXHhVYG0b54,"SIRENA མེ (con ERNIA, SAMURAI JAY & DARRN)",MACE,funk carioca,117.003,0.689,0.708,-6.831,0.113,0.287,238696,0.0397,0.037
spotify:track:3BMcrqAXwQi6EnnAonfXF0,OMG,Capo Plaza,italian hip hop,98.66,0.685,0.669,-7.469,0.0458,0.467,196970,0.181,0.262
spotify:track:5uXJrO4X6m7Xp0HC3zeklj,Che me chiamme a fa? (feat. Geolier),Rocco Hunt,italian hip hop,88.905,0.63,0.525,-7.246,0.145,0.439,165888,0.699,0.528
spotify:track:09c8bjWl9ZhuzGXiXR7ykd,SOLO NOI,Achille Lauro,italian hip hop,84.009,0.55,0.474,-5.718,0.106,0.0648,271472,0.00682,0.0265
spotify:track:4RXrqV1E2rWi9FeZisSkjY,numb,Tom Odell,neo mellow,78.014,0.466,0.698,-8.86,0.262,0.361,154573,0.274,0.045
spotify:track:718iwp6XEZmaKDuy8kFLXa,Promettimi,Blind,italian pop,94.019,0.788,0.731,-4.608,0.365,0.549,193085,0.00378,0.052
spotify:track:34r4voojt51Kk6ax5FJI1M,VENT'ANNI,Måneskin,indie rock italiano,122.911,0.657,0.647,-3.683,0.1,0.226,253445,0.176,0.0327
spotify:track:3Bd5A7Yxg4zxFeiKiYlMId,Don't Worry,Boomdabash,italian adult pop,91.989,0.747,0.749,-7.293,0.182,0.598,186462,0.131,0.0596
spotify:track:5ZgeeXOHGYUn0K3kuICyw9,Autostop,Shade,italian adult pop,119.895,0.871,0.746,-4.696,0.0919,0.48,187375,0.128,0.0639
spotify:track:3hV8uIYz5D5orhpgqixZHj,Una Canzone D'Amore Buttata Via,Vasco Rossi,classic italian pop,120.145,0.678,0.567,-4.946,0.232,0.198,271376,0.00385,0.0269
spotify:track:6UP3eoMcJDoEssjjHqAdjn,L'urlo di Munch,Emanuele Aloia,italian pop,128.036,0.801,0.664,-4.974,0.102,0.563,165469,0.112,0.0526
spotify:track:1eDC4NiUYgQSKpKDIvXxi4,Ferma A Guardare (feat. Pinguini Tattici Nucleari),Ernia,italian hip hop,162.05,0.724,0.585,-5.611,0.1,0.547,213543,0.445,0.0967
spotify:track:1YvhcTM8aIRTg03AavA2HJ,SLATT (feat. Capo Plaza),Rondodasosa,italian hip hop,133.052,0.488,0.778,-5.361,0.0935,0.457,217444,0.0719,0.0489
spotify:track:0MLu1cFYL4ikdRTdasCQT9,M' Manc (con Geolier & Sfera Ebbasta),Shablo,italian hip hop,139.933,0.704,0.703,-6.117,0.41,0.725,180000,0.048,0.0641
spotify:track:1SIl1FBbHmGa4PmJu5q6Lm,MIA,Lortex,italian pop,91.37,0.684,0.536,-6.862,0.115,0.383,174725,0.0726,0.0438
spotify:track:0pFjYM7JdNJhjuooMgesks,Concedimi,Matteo Romano,italian pop,205.602,0.293,0.472,-8.277,0.0972,0.379,189320,0.876,0.0613
spotify:track:2h9TDNEXRhcDIV3fsoEVq9,What Other People Say,Sam Fischer,australian pop,126.904,0.472,0.652,-8.084,0.121,0.24,194890,0.158,0.0399
spotify:track:1iAyJBksvAI6DQEnzv8l1E,All We Got (feat. KIDDO),Robin Schulz,dance pop,183.933,0.76,0.504,-4.246,0.151,0.64,190218,0.286,0.0426
spotify:track:6ft4hAq6yde8jPZY2i5zLr,Paradise (feat. Dermot Kennedy),MEDUZA,edm,124.114,0.595,0.632,-7.644,0.209,0.435,167903,0.0689,0.0401
spotify:track:1diS6nkxMQc3wwC4G1j0bh,We're Good,Dua Lipa,dance pop,134.01,0.588,0.722,-5.932,0.183,0.59,165507,0.0319,0.0544
spotify:track:5ri4zqtWhG07hIuNNDWP76,Fly Away,Tones And I,australian pop,124.988,0.513,0.806,-6.208,0.217,0.503,178157,0.217,0.0685
spotify:track:6f3Slt0GbA2bPZlz0aIFXN,The Business,Tiësto,big room,120.031,0.62,0.798,-7.079,0.112,0.235,164000,0.414,0.232
spotify:track:6cx06DFPPHchuUAcTxznu9,Head & Heart (feat. MNEK),Joel Corry,dance pop,122.953,0.874,0.734,-3.158,0.0489,0.905,166028,0.168,0.0662
spotify:track:31qCy5ZaophVA81wtlwLc4,Anyone,Justin Bieber,canadian pop,115.884,0.538,0.686,-8.026,0.113,0.584,190779,0.181,0.0345
spotify:track:27u7t9d7ZQoyjsCROHuZJ3,Tick Tock (feat. 24kGoldn),Clean Bandit,dance pop,101.022,0.705,0.779,-3.895,0.124,0.946,178374,0.369,0.0344
spotify:track:1KixkQVDUHggZMU9dUobgm,My Head & My Heart,Ava Max,dance pop,116.001,0.934,0.614,-3.709,0.121,0.436,174760,0.0697,0.07
spotify:track:0XwSUpdrF7nR7hVxbDs7mb,Floating Through Space,Sia,australian dance,104.914,0.844,0.575,-4.89,0.114,0.277,177801,0.00172,0.072
spotify:track:59qrUpoplZxbIZxk6X0Bm3,Take You Dancing,Jason Derulo,dance pop,112.985,0.711,0.789,-4.248,0.0876,0.753,190306,0.0332,0.041
spotify:track:2Oycxb8QbPkpHTo8ZrmG0B,Prisoner (feat. Dua Lipa),Miley Cyrus,dance pop,127.99,0.67,0.781,-3.912,0.0761,0.595,169333,0.0103,0.0452
spotify:track:4hExiZDbGdegofpEc9t0Fu,Bottiglie Privè,Sfera Ebbasta,italian hip hop,144.905,0.618,0.669,-7.021,0.0934,0.206,189868,0.0908,0.0487
spotify:track:0lSVjlxmAMSJGFSjVB1FtU,Abracadabra (feat. Future),Sfera Ebbasta,italian hip hop,131.988,0.681,0.846,-7.091,0.112,0.809,192965,0.0461,0.174
spotify:track:4L5ZhW0VJeQ6je2iqvqZ4X,Baby (with J Balvin),Sfera Ebbasta,italian hip hop,99.984,0.882,0.755,-1.957,0.103,0.606,193555,0.125,0.0532
spotify:track:4CvW0iHAs7yJhbpnJ3NSnS,Hollywood (feat. Diplo),Sfera Ebbasta,italian hip hop,137.973,0.708,0.848,-6.336,0.0948,0.926,191869,0.153,0.0366
spotify:track:4TBp0V4Slb8emBDN8PWU3j,Giovani Re,Sfera Ebbasta,italian hip hop,114.95,0.621,0.762,-7.24,0.277,0.458,168343,0.0604,0.0285
spotify:track:1XemHzgHvdNVkOEnUZzNRN,Gelosi,Sfera Ebbasta,italian hip hop,148.94,0.596,0.734,-6.167,0.0774,0.378,183526,0.072,0.127
spotify:track:51ITVcACLrgOz44zlFVhk7,Gangang (feat. Lil Mosey),Sfera Ebbasta,italian hip hop,96.024,0.79,0.717,-6.441,0.0606,0.275,171079,0.0223,0.0399
spotify:track:11jGgkrtDbYaKlN0y1nPbC,Tik Tok (feat. Marracash & Guè Pequeno),Sfera Ebbasta,italian hip hop,120.046,0.673,0.723,-7.636,0.323,0.302,230389,0.0985,0.137
spotify:track:1uPPyvMOaaVLnVcwD1Sp0d,Macarena (feat. Offset),Sfera Ebbasta,italian hip hop,124.059,0.618,0.864,-5.54,0.182,0.305,158043,0.141,0.0503
spotify:track:5BxBGvLJdwBBjCYJRdezxM,Male,Sfera Ebbasta,italian hip hop,157.001,0.687,0.598,-6.444,0.289,0.422,161873,0.0113,0.0341
spotify:track:0bvHx0bCYwH6gj0f5WZV0R,6 AM,Sfera Ebbasta,italian hip hop,137.048,0.661,0.745,-6.653,0.106,0.807,188782,0.168,0.0332
spotify:track:5Ws6qds3QAQ5s4tN5P2zRA,Salam Alaikum (feat. 7ari & Steve Aoki),Sfera Ebbasta,italian hip hop,110.002,0.628,0.82,-5.8,0.0935,0.495,149969,0.0402,0.0683
spotify:track:2j9wr1cxfYcMJoANfmoJA9,$€ Freestyle,Sfera Ebbasta,italian hip hop,136.079,0.67,0.813,-8.661,0.376,0.38,164469,0.2,0.335
spotify:track:0ROJX4yr64AlknCaX71JDQ,Cuore Nero - prod. Frenetik&Orang3,Blind,italian pop,129.966,0.638,0.823,-6.23,0.108,0.661,166602,0.131,0.184
spotify:track:3E2KP5AWn6Wx0NcPstzKeo,Bottiglie Privè,Sfera Ebbasta,italian hip hop,144.905,0.618,0.669,-7.021,0.0934,0.206,189868,0.0908,0.0487
spotify:track:1IsipXGMBN0OrUIUvYNsXv,Adesso Mi Diverto,Ludwig,italian pop,92.071,0.629,0.712,-6.204,0.0842,0.0844,161778,0.25,0.0954
spotify:track:6Nlz1vCz4SIUpvaGYUkre8,Drunk on Compromise,Conner Gilmore,,150.032,0.701,0.75,-15.161,0.286,0.964,158433,0.00183,0.0998
spotify:track:3glsOCRJmxfpLOayg8u6Ij,Going Down,Remblem,,199.959,0.327,0.671,-18.032,0.0802,0.77,177600,0.625,0.0802
spotify:track:2G8k6NiJ8SNPD8TqNNGFWO,Desparate Vixen,Conner Gilmore,,142.829,0.442,0.761,-15.014,0.114,0.643,255504,0.073,0.0515
spotify:track:4Ih09KT6frbMqFG6FV8pNf,Loose Showroom,Conner Gilmore,,142.863,0.411,0.494,-14.68,0.343,0.613,257176,0.00972,0.0571